loc,lastmod
https://auspexi.com/,
https://auspexi.com/about,
https://auspexi.com/technology,
https://auspexi.com/pricing,
https://auspexi.com/press,
https://auspexi.com/resources,
https://auspexi.com/ai,
https://auspexi.com/whitepaper,
https://auspexi.com/blog,
https://auspexi.com/build,
https://auspexi.com/context-engineering,
https://auspexi.com/choose-model,
https://auspexi.com/blog/ablations-with-effect-sizes-proving-what-moves-the-needle,2025-09-20
https://auspexi.com/blog/air-gapped-ai-packaging-sbom-qr-manifests,2025-09-20
https://auspexi.com/blog/automotive-quality-edge-offline-vision-evidence,2025-09-20
https://auspexi.com/blog/databricks-marketplace-lab-to-revenue,2025-09-20
https://auspexi.com/blog/dataset-and-model-cards-that-buyers-actually-use,2025-09-20
https://auspexi.com/blog/drift-stress-stability-operating-ai-like-regulated,2025-09-20
https://auspexi.com/blog/democratising-ai-post-moores-law-revolution,2025-09-20
https://auspexi.com/blog/evidence-bundles-and-testing,2025-09-20
https://auspexi.com/blog/evidence-in-ci-failing-closed-passing-audits,2025-09-20
https://auspexi.com/blog/evidence-led-ai-regulated-industries,2025-09-20
https://auspexi.com/blog/evidence-led-ai-signed-metrics-enterprise-adoption,2025-09-20
https://auspexi.com/blog/financial-crime-labs-synthetic-graphs-risk-evidence,2025-09-20
https://auspexi.com/blog/from-first-pilot-to-policy,2025-09-20
https://auspexi.com/blog/from-starlings-to-swarms-8d-safety,2025-09-20
https://auspexi.com/blog/insurance-fraud-playbooks-synthetic-scenarios,2025-09-20
https://auspexi.com/blog/managed-delivery-on-databricks-slas-referencing-evidence,2025-09-20
https://auspexi.com/blog/offline-readiness-designing-models-for-harsh-disconnected-environments,2025-09-20
https://auspexi.com/blog/pricing-and-entitlements-explained,2025-09-20
https://auspexi.com/blog/privacy-in-practice-probes-budgets-measurable-boundaries,2025-09-20
https://auspexi.com/blog/public-sector-ai-secure-deployments-without-cloud-entanglements,2025-09-20
https://auspexi.com/blog/scaling-synthetic-generation-safely-schemas-seeds-controls,2025-09-20
https://auspexi.com/blog/schema-designer-multi-data-llm,2025-09-20
https://auspexi.com/blog/segment-aware-evaluation-stability-that-survives-real-world-change,2025-09-20
https://auspexi.com/blog/aethergenai-shipped-evidence-led-ai-training,2025-09-20
https://auspexi.com/blog/synthetic-data-healthcare-fraud-without-phi,2025-09-20
https://auspexi.com/blog/complexity-wall-natural-language-ai-engineering,2025-09-20
https://auspexi.com/blog/the-procurement-bundle-signatures-hashes-filing-made-simple,2025-09-20
https://auspexi.com/blog/synthetic-data-lifecycle,2025-09-20
https://auspexi.com/blog/triumph-of-preparation-strategic-planning,2025-09-20
https://auspexi.com/blog/unity-catalog-delivery-turning-models-into-procurement-ready-products,2025-09-20
https://auspexi.com/blog/ai-carbon-footprint-revolution-sustainable-computing,2025-09-20
https://auspexi.com/blog/energy-efficient-ai-optimization-beats-scaling,2025-09-20
https://auspexi.com/blog/green-ai-carbon-neutral-machine-learning,2025-09-20
https://auspexi.com/blog/always-on-evaluators-risk-guard,2025-09-20
https://auspexi.com/blog/deterministic-inference-batch-invariant,2025-09-20
https://auspexi.com/blog/a-billion-queries-10-months-promise-kept,2025-09-20
https://auspexi.com/blog/aethergenplatform-milestone-solo-innovations,2025-09-20
https://auspexi.com/blog/bitnet-cpu-efficient-gating-aethergenplatform,2025-09-20
https://auspexi.com/blog/choose-the-right-model-helper,2025-09-20
https://auspexi.com/blog/context-aware-third-wave-training-aethergenplatform,2025-09-20
https://auspexi.com/blog/context-engineering-layer,2025-09-20
https://auspexi.com/blog/dementia-anchor-triage-methodology,2025-09-20
https://auspexi.com/blog/evidence-efficient-ai-73-percent-faster,2025-09-20
https://auspexi.com/blog/hallucination-controls-runtime-gating-evidence,2025-09-20
https://auspexi.com/blog/hallucination-risk-guard-pre-generation,2025-09-20
https://auspexi.com/blog/innovation-test-harness,2025-09-20
https://auspexi.com/blog/model-starters-8-presets,2025-09-20
https://auspexi.com/blog/navigating-the-illusion-of-conscious-ai,2025-09-20
https://auspexi.com/blog/on-device-ai-slos-hybrid-routing,2025-09-20
https://auspexi.com/blog/pareto-operating-point-efficiency-in-ai,2025-09-20
https://auspexi.com/blog/pqc-standards-safe-rollout,2025-09-20
https://auspexi.com/blog/quantum-safe-readiness-aethergenplatform,2025-09-20
https://auspexi.com/blog/spinor-8d-math-demo,2025-09-20
https://auspexi.com/cv/gwylym-pryce-owen-1p,2025-09-20
https://auspexi.com/docs/pqc/code-signing-dual,2025-09-20
https://auspexi.com/docs/pqc/hybrid-kem,2025-09-20
https://auspexi.com/marketing/investor-brief,2025-09-20
https://auspexi.com/press/facts/enterprise-fact-sheet,2025-09-20
https://auspexi.com/press/facts/investor-fact-sheet,2025-09-20
https://auspexi.com/press/facts/journalist-fact-sheet,2025-09-20
https://auspexi.com/press/facts/partner-fact-sheet,2025-09-20
https://auspexi.com/press/facts/research-fact-sheet,2025-09-20
https://auspexi.com/press/investor-brief-one-pager,2025-09-20
https://auspexi.com/press/kits/enterprise,2025-09-20
https://auspexi.com/press/kits/investor,2025-09-20
https://auspexi.com/press/kits/journalist,2025-09-20
https://auspexi.com/press/kits/partner,2025-09-20
https://auspexi.com/press/kits/research,2025-09-20
https://auspexi.com/press/press-kit,2025-09-20
https://auspexi.com/press/press-story,2025-09-20
https://auspexi.com/slides/dementia-demo,2025-09-20